﻿{
    "name": "JeeGooPopup",
    "version": "1.0.0",
    "title": "JeeGoo Popup",
    "description": "jQuery popup plugin, lightweight and flexible application popup plugin.",
    "keywords": [
        "popup",
        "tooltip",
        "confirm",
        "dialog",
		"modal",
		"lightbox"
    ],
    "author": {
        "name": "Erik van den Berg",
        "url": "http://www.tweego.nl/auteurs/erik_van_den_berg"
    },
    "licenses": [
        {
            "type": "MIT",
            "url": "https://github.com/tweego/jeegoopopup/blob/1.0.0/MIT-License.txt"
        }
    ],
    "bugs": "https://github.com/tweego/jeegoopopup/issues",
    "homepage": "http://www.tweego.nl/jeegoopopup",
    "docs": "http://www.tweego.nl/jeegoopopup/documentation/v100",
    "demo": "http://www.tweego.nl/jeegoopopup/demo",
    "dependencies": {
        "jquery": ">=1.4.2"
    }
}